Protein Name,Uni Protein ID
ZNRF3,Q9ULT6
ZAP70,P43403
YKL-40,P36222
YES,P07947
XTP3A,Q9H773
XPNPEP1,Q9NQW7
XEDAR,Q9HAV5
WNT7A,O00755
WNK3,Q9BYP7
WISP-3,O95389
WISP-1,O95388
WIF-1,Q9Y5W5
WFKN2,Q8TEU8
WFKN1,Q96NZ8
vWF,P04275
Vitronectin,P04004
VEGF121,P15692
VEGF-D,O43915
VEGF-C,P49767
VEGF sR3,P35916
VEGF sR2,P35968
VEGF,P15692
VCAM-1,P19320
VAV,P15498
Vasoactive Intestinal Peptide,P01282
URB,Q76M96
uPA,P00749
UNC5H4,Q6UXZ4
UNC5H3,O95185
ULBP-3,Q9BZM4
ULBP-2,Q9BZM5
ULBP-1,Q9BZM6
UFM1,P61960
UFC1,Q9Y3C8
UBP25,Q9UHP3
Ubiquitin+1,P62979
Ubiquitin,P62979
UBE2N,P61088
UBC9,P63279
UB2L3,P68036
UB2G2,P60604
TYK2,P29597
TXD12,O95881
TWEAKR,Q9NP84
TWEAK,O43508
TSP4,P35443
TSP2,P35442
TSLP R,Q9HC73
TSLP,Q969D9
TSH,P01215 P01222
TSG-6,P98066
TS,P04818
Trypsin 2,P07478
Trypsin,P07477
TRY3,P35030
Troponin T,P45379
"Troponin I, skeletal, fast twitch",P48788
Troponin I,P19429
Tropomyosin 4,P67936
Tropomyosin 2,P07951
Tropomyosin 1 alpha chain,P09493
TrkC,Q16288
TrkB,Q16620
TrkA,P04629
Triosephosphate isomerase,P60174
Trefoil factor 2,Q03403
TrATPase,P13686
Transketolase,P29401
Transgelin-2,P37802
Transferrin,P02787
"transcription factor MLR1, isoform CRA_b",Q8N3X6
TRAIL R4,Q9UBN6
TRAIL R2,O14763
TRAIL R1,O00220
TPSG1,Q9NRR2
TPSB2,P20231
Tpo,P40225
tPA,P00750
Topoisomerase I,P11387
TNR4,P43489
TNFSF18,Q9UNG2
TNFSF15,O95150
TNF-b,P01374
TNF-a,P01375
TNF sR-II,P20333
TNF sR-I,P19438
TMA,P07202
TLR4:MD-2 complex,O00206  Q9Y6Y9
TLR4,O00206
TLR2,O60603
TIMP-3,P35625
TIMP-2,P16035
TIMP-1,P01033
TIMD3,Q8TDQ0
TIG2,Q99969
Thyroxine-Binding Globulin,P05543
Thyroglobulin,P01266
Thymidine kinase,P04183
Thrombospondin-1,P07996
Thrombopoietin Receptor,P40238
Thrombin,P00734
TGM3,Q08188
TGF-b3,P10600
TGF-b2,P61812
TGF-b1,P01137
TGF-b R III,Q03167
TGF-b R II,P37173
TFPI,P10646
TFF3,Q07654
TFF1,P04155
TF,P13726
Testican-2,Q92563
Testican-1,Q08629
Tenascin,P24821
TECK,O15444
TEC,P42680
TCTP,P13693
TCPTP,P17706
TCCR,Q6UWB1
TBP,P20226
TBK1,Q9UHD2
tau,P10636
TARC,Q92583
TAK1-TAB1,O43318 Q15750
TAJ,Q9NS68
TAFI,Q96IY4
TACI,O14836
Survivin,O15392
suPAR,Q03405
SUMO3,P55854
STX1a,Q16623
Stress-induced-phosphoprotein 1,P31948
STRATIFIN,P31947
STK16,O75716
sTie-2,Q02763
sTie-1,P35590
STAT6,P42226
STAT3,P40763
STAT1,P42224
Stanniocalcin-1,P52823
STAB2,Q8WWQ8
ST4S6,Q7LFX5
SSRP1,Q08945
SREC-II,Q96GP6
SREC-I,Q14162
SRCN1,P12931
sRANKL,O14788
sRAGE,Q15109
SPTA2,Q13813
Spondin-1,Q9HCB6
SPINT2,O43291
SPHK2,Q9NRA0
Sphingosine kinase 1,Q9NYA1
SPARCL1,Q14515
SP-D,P35247
SOST,Q9BQB4
Sorting nexin 4,O95219
SORC2,Q96PQ0
Sonic Hedgehog,Q15465
Somatostatin-28,P61278
Soggy-1,Q9UK85
SOD3,P08294
SOD,P00441
SNP25,P60880
SNAA,P54920
SMOC1,Q9H4F8
SMAD3,P84022
SMAD2,Q15796
SMAC,Q9NR28
sLRP1,Q07954
SLPI,P03973
SLIK5,O94991
SLIK1,Q96PX8
sLeptin R,P48357
SLAF7,Q9NQ25
SLAF6,Q96DU3
SLAF5,Q9UIB8
sL-Selectin,P14151
SKP1,P63208
SIRT2,Q8IXJ6
Siglec-9,Q9Y336
Siglec-7,Q9Y286
Siglec-6,O43699
Siglec-3,P20138
SIG14,Q08ET2
sICAM-5,Q9UMF0
sICAM-3,P32942
sICAM-2,P13598
sICAM-1,P05362
Sialoadhesin,Q9BZZ2
SHPS1,P78324
SHP-2,Q06124
SHC1,P29353
SHBG,P04278
SH21A,O60880
SGTA,O43765
sFRP-3,Q92765
SET,Q01105
SEPR,Q12884
Semaphorin-6A,Q9H2E6
Semaphorin 3E,O15041
Semaphorin 3A,Q14563
SEM6B,Q9H3T3
SEM5A,Q13591
SECTM1,Q8WVN6
Secretin,P09683
SE6L2,Q6UXD5
sE-Selectin,P16581
SDF-1,P48061
SCGF-beta,Q9Y240
SCGF-alpha,Q9Y240
SCF sR,P10721
sCD4,P01730
sCD163,Q86VB7
SBDS,Q9Y3A5
SARP-2,Q8N474
SAP,P02743
SAA,P0DJI8
S100A7,P31151
S100A6,P06703
S100A4,P26447
S100A12,P80511
RXFP1,Q9HBX9
RUXF,P62306
RSPO4,Q2I0M5
RSPO3,Q9BXY4
RSPO2,Q6UXX9
RSK-like protein kinase,O75582
RS7,P62081
RS3A,P61247
RS3,P23396
RPS6KA3,P51812
ROR1,Q01973
ROBO3,Q96MS0
ROBO2,Q9HCK4
RNF43,Q68DV7
RNase H1,O60930
RGMB,Q6NW40
RGMA,Q96B86
RGM-C,Q6ZVN8
RET,P07949
resistin,Q9HD89
Renin,P00797
RELT,Q969Z4
REG4,Q9BYZ8
RBP,P02753
RBM39,Q14498
Rb,P06400
RASA1,P20936
RAP,P30533
RANTES,P13501
RANK,Q9Y6Q6
RAN,P62826
RAD51,Q06609
RAC3,P60763
RAC1,P63000
Rab GDP dissociation inhibitor beta,P50395
QORL1,O95825
PYY,P10082
PUR8,P30566
PTP-1C,P29350
PTP-1B,P18031
PTN,P21246
PTK6,Q13882
PTHrP,P12272
PTH,P01270
pTEN,P60484
PSP,P05451
PSME3,P61289
PSME1,Q06323
PSMA,Q04609
PSD7,P51665
PSA6,P60900
PSA2,P25787
PSA1,P25786
PSA,P07288
Prothrombin,P00734
Proteinase-3,P24158
protein Z inhibitor,Q9UK55
Protein S,P07225
Protein disulfide-isomerase,P07237
Protein disulfide isomerase A3,P30101
Protein C,P04070
Protease nexin I,P07093
prostatic binding protein,P30086
Properdin,P27918
Prolactin Receptor,P16471
PRL,P01236
PRKACA,P17612
Prekallikrein,P03952
PPIE,Q9UNP9
PPID,Q08752
PPIB,P23284
PPase,Q15181
PPAC,P24666
PolyUbiquitin K63,P0CG48
PolyUbiquitin K48,P0CG47
PLXC1,O60486
PLXB2,O15031
PLPP,Q96GD0
PLK-1,P53350
PlGF,P49763
PLCG1,P19174
Plasminogen,P00747
Plasmin,P00747
PKC-Z,Q05513
PKC-G,P05129
PKC-D,Q05655
PKC-B-II,P05771
PKC-A,P17252
PKB beta,P31751
PKB a/b/g,P31749 P31751 Q9Y243
PK3CG,P48736
PIM1,P11309
PIK3CA/PIK3R1,P42336 P27986
PIGR,P01833
PIAS4,Q8N2W9
PIANP,Q8IYJ0
Phosphoglycerate mutase 1,P18669
phosphoglycerate kinase 1,P00558
PHI,P06744
PH,P01298
PGRP-S,O75594
PGP9.5,P09936
PGM1,P36871
PGCB,Q96GW7
PFD5,Q99471
PF-4,P02776
PEX5,P50542
PESC,O00541
Persephin,O60542
Peroxiredoxin-6,P30041
Peroxiredoxin-5,P30044
Peroxiredoxin-1,Q06830
PERL,P22079
Periostin,Q15063
PEDF,P36955
PECAM-1,P16284
PDXK,O00764
PDPK1,O15530
PDK1,Q15118
PDGFRA,P16234
PDGF-CC,Q9NRA1
PDGF-BB,P01127
PDGF-AA,P04085
PDGF Rb,P09619
PDE9A,O76083
PDE7A,Q13946
PDE5A,O76074
PDE4D,Q08499
PDE3A,Q14432
PDE1A,P54750
PDE11,Q9HCR9
PD-L2,Q9BQ51
PCSK9,Q8NBP7
PCSK7,Q16549
PCNA,P12004
PCI,P05154
PBEF,P43490
PARK7,Q99497
PARC,P55774
paraoxonase 1,P27169
PAPP-A,Q13219
PAK7,Q9P286
PAK6,Q9NQU5
PAK3,O75914
PAI-1,P05121
PAFAH beta subunit,P68402
PAFAH,Q13093
PACAP-38,P18509
PACAP-27,P18509
PA2G4,Q9UQ80
p53,P04637
p27Kip1,P46527
P-Selectin,P16109
P-Cadherin,P22223
OX40 Ligand,P23510
OX2G,P41217
Osteopontin,P10451
Osteocalcin,P02818
OSM,P13725
OPG,O00300
ON,P09486
OMD,Q99983
OLR1,P78380
Olfactomedin-4,Q6UX06
OCAD1,Q9NX40
OBCAM,Q14982
OAS1,P00973
NXPH1,P58417
NUDC3,Q8IVD9
Nucleoside diphosphate kinase A,P15531
NSF1C,Q9UNZ2
NSE,P09104
NRX3B,Q9HDB5
NRX1B,P58400
NRP1,O14786
NRG4,Q8WWG1
NR1D1,P20393
Nr-CAM,Q92823
NPS-PLA2,P14555
NovH,P48745
Notch-3,Q9UM47
Notch 1,P46531
NOTC2,Q04721
Nogo Receptor,Q9BZR6
Noggin,Q13253
NMT1,P30419
NLGNX,Q8N0W4
NKp46,O76036
NKp44,O95944
NKp30,O14931
NKG2D,P26718
Nidogen,P14543
NID2,Q14112
NG36,Q96KQ7
Neurotrophin-5,P34130
Neurotrophin-3,P20783
NEUREGULIN-1,Q02297
NET4,Q9HB63
NET1,O95631
NEGR1,Q7Z3B1
Nectin-like protein 2,Q9BY67
Nectin-like protein 1,Q8N126
NDP kinase B,P22392
NCK1,P16333
NCC27,O00299
NCAM-L1,P32004
NCAM-120,P13591
NAP-2,P02775
NANOG,Q9H9S0
NAGK,Q9UJ70
NADPH-P450 Oxidoreductase,P16435
NACA,Q13765
N-terminal pro-BNP,P16860
MYPC1,Q00872
Myostatin,O14793
"Myokinase, human",P00568
Myoglobin,P02144
Myeloperoxidase,P05164
MUC1,P15941
MSP R,Q04912
MSP,P26927
MRCKB,Q9Y5S2
MRC2,Q9UBG0
MPIF-1,P55773
MP2K4,P45985
MP2K3,P46734
MP2K2,P36507
MOZ,Q92794
Moesin,P26038
MO2R1,Q8TD46
Mn SOD,P04179
MMP-9,P14780
MMP-8,P22894
MMP-7,P09237
MMP-3,P08254
MMP-2,P08253
MMP-17,Q9ULZ9
MMP-16,P51512
MMP-14,P50281
MMP-13,P45452
MMP-12,P39900
MMP-10,P09238
MMP-1,P03956
MMEL2,Q495T6
MK13,O15264
MK12,P53778
MK11,Q15759
MK08,P45983
MK01,P28482
MIS,P03971
MIP-5,Q16663
MIP-3b,Q99731
MIP-3a,P78556
MIP-1a,P10147
MIG,Q07325
MIF,P14174
Midkine,P21741
MICB,Q29980
MICA,Q29983
MIC-1,Q99988
MIA,Q16674
MFRP,Q9BY79
MFGM,Q08431
METAP1,P53582
Met,P08581
Mesothelin,Q13421
MEPE,Q9NQ76
MEK1,Q02750
MED-1,Q15648
MDM2,Q00987
MDHC,P40925
MDC,O00626
MCP-4,Q99616
MCP-3,P80098
MCP-2,P80075
MCP-1,P13500
Mcl-1,Q07820
MBL,P11226
MBD4,O95243
MATN3,O15232
MATN2,O00339
MATK,P42679
MASP3,P48740
Marapsin,Q9BQR3
MAPKAPK3,Q16644
MAPK5,Q8IW41
MAPK2,P49137
MAPK14,Q16539
Mammaglobin 2,O75556
Macrophage scavenger receptor,P21757
Macrophage mannose receptor,P22897
M2-PK,P14618
M-CSF R,P07333
LYVE1,Q9Y5Y7
Lysozyme,P61626
LYPD3,O95274
LYNB,P07948
LYN,P07948
Lymphotoxin b R,P36941
Lymphotoxin a2/b1,"P01374, Q06643"
Lymphotoxin a1/b2,"P01374, Q06643"
Lymphotactin,P47992
LY9,Q9HBG7
LY86,O95711
Luteinizing hormone,"P01215, P01229"
Lumican,P51884
LTBP4,Q8N2S1
LSAMP,Q13449
LRRT3,Q86VH5
LRRT1,Q86UE6
LRRK2,Q5S007
LRP8,Q14114
LRP1B,Q9NZR2
LRIG3,Q6UXM1
LPPL,Q05315
LKHA4,P09960
Livin B,Q96CA5
Lipocalin 2,P80188
LIN7B,Q9HAP6
LIMP II,Q14108
LIGHT,O43557
LIF sR,P42702
LGMN,Q99538
LG3BP,Q08380
Leptin,P41159
LEG9,O00182
"Lectin, mannose-binding 2",Q12907
LEAP-1,P81172
LDLR,P01130
LDH-H 1,P07195
LD78-beta,P16619
LCMT1,Q9UIC8
LCK,P06239
LBP,P18428
Layilin,Q6UX15
Laminin,"P25391, P07942, P11047"
Lamin-B1,P20700
LAG-3,P18627
LAG-1,Q8NHW4
Lactoferrin,P02788
KYNU,Q16719
Ku70,P12956
KREM2,Q8NCW0
KPCT,Q04759
KPCI,P41743
KLRF1,Q9NZS2
KIRR3,Q8IZU9
"Kininogen, HMW",P01042
KIF23,Q02241
KI3S1,Q14943
KI3L2,P43630
KI2L4,Q99706
Keratin 18,P05783
KEAP1,Q14145
Karyopherin-a2,P52292
Kallistatin,P29622
kallikrein 8,O60259
Kallikrein 7,P49862
Kallikrein 6,Q92876
kallikrein 5,Q9Y337
Kallikrein 4,Q9Y5K2
kallikrein 14,Q9P0G3
kallikrein 13,Q9UKR3
kallikrein 12,Q9UKR0
Kallikrein 11,Q9UBX7
K-ras,P01116
JNK2,P45984
JAML1,Q86YT9
JAM-C,Q9BX67
JAM-B,P57087
JAK2,O60674
JAG2,Q9Y219
JAG1,P78504
ITI heavy chain H4,Q14624
ISLR2,Q6UXK2
ISG15,P05161
IRF1,P10914
IR,P06213
IP-10,P02778
Integrin aVb5,"P06756, P18084"
Integrin a1b1,"P56199, P05556"
Insulin,P01308
INGR2,P38484
ING1,Q9UK53
IMDH2,P12268
IMDH1,P20839
IMB1,Q14974
ILT-4,Q8N423
ILT-2,Q8NHL6
IL24,Q13007
IL22RA1,Q8N6P7
IL-9,P15248
IL-8,P10145
IL-7 Ra,P16871
IL-7,P13232
IL-6 sRa,P08887
IL-6,P05231
IL-5 Ra,Q01344
IL-5,P05113
IL-4 sR,P24394
IL-4,P05112
IL-34,Q6ZMJ4
IL-3 Ra,P26951
IL-3,P08700
IL-27,Q8NEV9 Q14213
IL-23 R,Q5VWK5
IL-23,"P29460, Q9NPF7"
IL-22BP,Q969J5
IL-22,Q9GZX6
IL-20 Ra,Q9UHF4
IL-20,Q9NYY1
IL-2 sRg,P31785
IL-2 sRa,P01589
IL-2,P60568
IL-1Rrp2,Q9HB29
IL-1Ra,P18510
IL-1F8,Q9NZH7
IL-1F7,Q9NZH6
IL-1F6,Q9UHA7
IL-1b,P01584
IL-1a,P01583
IL-19,Q9UHD0
IL-18 Rb,O95256
IL-18 Ra,Q13478
IL-18 BPa,O95998
IL-17F,Q96PD4
IL-17E,Q9H293
IL-17D,Q8TAD2
IL-17B R,Q9NRM6
IL-17B,Q9UHF5
IL-17 sR,Q96F46
IL-17 RD,Q8NFM7
IL-17 RC,Q8NAC3
IL-17,Q16552
IL-16,Q14005
IL-15 Ra,Q13261
IL-13 Ra1,P78552
IL-13,P35225
IL-12 RB2,Q99665
IL-12 Rb1,P42701
IL-12,"P29459,  P29460"
IL-11,P20809
IL-10 Rb,Q08334
IL-10 Ra,Q13651
IL-10,P22301
IL-1 sRII,P27930
IL-1 sRI,P14778
IL-1 sR9,Q9NP60
IL-1 R4,Q01638
IL-1 R AcP,Q9NPH3
IgM,P01871
IgG,P01857
IGFBP-7,Q16270
IGFBP-6,P24592
IGFBP-5,P24593
IGFBP-4,P22692
IGFBP-3,P17936
IGFBP-2,P18065
IGFBP-1,P08833
IGF-II receptor,P11717
IGF-I sR,P08069
IGF-I,P05019
IgE,P01854
IgD,P01880
IgA,P01876 P01877
IFNA7,P01567
IFN10,P01566
IFN-lambda 2,Q8IZJ0
IFN-lambda 1,Q8IU54
IFN-g R1,P15260
IFN-g,P01579
IFN-b,P01574
IFN-aA,P01563
IFN-a/b R1,P17181
IF4G2,P78344
IF4A3,P38919
IDUA,P35475
IDS,P22304
IDE,P14735
ICOS,Q9Y6W8
iC3b,P01024
I-TAC,O14625
I-309,P22362
HXK2,P52789
HXK1,P19367
HVEM,Q92956
HTRA2,O43464
HSP70 protein 8,P11142
HSP 90b,P08238
HSP 90a/b,P07900 P08238
HSP 70,P0DMV8
HSP 60,P10809
HSP 40,P25685
HSP 27,P04792
HRG,P04196
HPV E7 Type18,P06788
HPV E7 Type 16,P03129
HPLN1,P10915
HPG-,P15428
HO-2,P30519
HNRPQ,O60506
hnRNP K,P61978
hnRNP A2/B1,P22626
hnRNP A/B,Q99729
HMGR,P04035
HMGN1,P05114
HMG-1,P09429
HIV-2 Rev,P18093
Histone H2A.z,P0C0S5
Histone H1.2,P16403
HIPK3,Q9H422
HINT1,P49773
HIF-1a,Q16665
HHLA2,Q9UM44
HGH,P01241
HGFA,Q04756
HGF,P14210
Heparin cofactor II,P05546
Hemopexin,P02790
Hemoglobin,"P69905, P68871"
HEMK2,Q9Y5N5
HDGR2,Q7Z4V5
HDAC8,Q9BY41
HCK,P08631
HCG,"P01215,P01233"
HCC-4,O15467
HCC-1,Q16627
HB-EGF,Q99075
Hat1,O14929
"Haptoglobin, Mixed Type",P00738
HAI-1,O43278
H6ST1,O60243
H31,P68431
H2B2E,Q16778
H2A3,Q7L7L0
GX,O15496
GV,P39877
GSTA3,Q16772
GSK-3 alpha/beta,P49840 P49841
Growth hormone receptor,P10912
Gro-b/g,P19876 P19875
Gro-a,P09341
GRN,P28799
GREM1,O60565
GRB2-related adapter protein 2,O75791
GRB2 adapter protein,P62993
Granzyme H,P20718
Granzyme B,P10144
granzyme A,P12544
Granulysin,P22749
GPVI,Q9HCN6
GPNMB,Q14956
gpIIbIIIa,P08514 P05106
GPDA,P21695
GPC6,Q9Y625
GPC5,P78333
GPC2,Q8N158
GP1BA,P07359
"gp130, soluble",P40189
GP114,Q8IZF4
GOT1,P17174
GNS,P15586
GM-CSF,P04141
Glypican 3,P51654
Glutathione S-transferase Pi,P09211
Glutamate carboxypeptidase,Q96KP4
Glucocorticoid receptor,P04150
Glucagon,P01275
GITR,Q9Y5U5
GIIE,Q9NZK7
GIB,P04054
GI24,Q9H7M9
ghrelin,Q9UBU3
GHC2,Q9H1K4
GFRa-3,O60609
GFRa-2,O00451
GFRa-1,P56159
GFAP,P14136
Gelsolin,P06396
GDNF,P39905
GDF2,Q9UK05
GDF-9,O60383
GDF-11/8,O95390 O14793
GDF-11,O95390
GCP-2,P80162
GCKR,Q14397
Gastrin-releasing peptide,P07492
GAS1,P54826
"GAPDH, liver",P04406
Galectin-8,O00214
Galectin-7,P47929
Galectin-4,P56470
Galectin-3,P17931
Galectin-2,P05162
GA733-1 protein,P09758
G-CSF-R,Q99062
G-CSF,P09919
FYN,P06241
FUT5,Q11128
Fucosyltransferase 3,P21217
FTCD,O95954
FSTL3,O95633
FSTL1,Q12841
FST,P19883
FSH,"P01215,  P01225"
Fractalkine/CX3CL-1,P78423
FN1.4,P02751
FN1.3,P02751
Flt3 ligand,P49771
Flt-3,P36888
FLRT3,Q9NZU0
FLRT2,O43155
FLRT1,Q9NZU1
Ficolin-3,O75636
Fibronectin,P02751
Fibrinogen g-chain dimer,P02679
Fibrinogen,P02671 P02675 P02679
FGR,P09769
FGFR4,P22455
FGFR-3,P22607
FGFR-2,P21802
FGF9,P31371
FGF7,P21781
FGF23,Q9GZV9
FGF-8B,P55075
FGF-8A,P55075
FGF-6,P10767
FGF-5,P12034
FGF-4,P08620
FGF-20,Q9NP95
FGF-19,O95750
FGF-18,O76093
FGF-17,O60258
FGF-16,O43320
FGF-12,P61328
FGF-10,O15520
FETUB,Q9UGM5
Ferritin,P02794 P02792
FER,P16591
FCRL3,Q96P31
FCN2,Q15485
FCN1,O00602
FCGR1,P12314
FCG3B,O75015
FCG2B,P31994
FCG2A,P12318
FCAR,P24071
FBLN3,Q12805
"Fas, soluble",P25445
"Fas ligand, soluble",P48023
FAM3D,Q96BQ1
FAM3B,P58499
FAM107B,Q9H098
FAK1,Q05397
Factor I,P05156
Factor H,P08603
Factor D,P00746
Factor B,P00751
FABPL,P07148
FABPE,Q01469
FABP,P05413
ETHE1,O95571
Esterase D,P10768
ESAM,Q96AP7
ERP29,P30040
ERK-1,P27361
ERBB4,Q15303
ERBB3,P21860
ERBB2,P04626
ERBB1,P00533
ERAB,Q99714
ER,P03372
EPO-R,P19235
Epo,P01588
Epithelial cell kinase,P29317
EPI,O14944
Ephrin-B3,Q15768
Ephrin-A5,P52803
Ephrin-A4,P52798
Ephrin-A3,P52797
Ephrin-A2,O43921
EphB6,O15197
EphB4,P54760
EPHB2,P29323
EPHAA,Q5JZY3
EphA5,P54756
EPHA3,P29320
EphA1,P21709
EP15R,Q9UBC2
Eotaxin-3,Q9Y258
Eotaxin-2,O00175
Eotaxin,P51671
ENTP5,O75356
ENTP3,O75355
Enterokinase,P98073
ENPP7,Q6UWV6
Endothelin-converting enzyme 1,P42892
Endostatin,P39060
Endoglin,P17813
Endocan,Q9NQ30
ENA-78,P42830
EMR2,Q9UHX3
EMAP-2,Q12904
Elastase,P08246
Elafin,P19957
eIF-5A-1,P63241
eIF-5,P55010
eIF-4H,Q15056
EGFRvIII,P00533
EGF,P01133
EG-VEGF,P58294
EFNB2,P52799
EFNB1,P98172
EF-1-beta,P24534
EDAR,Q9UNE0
EDA,Q92838
ECM1,Q16610
DYRK3,O43781
Dynactin subunit 2,Q13561
DUS3,P51452
Dtk,Q06418
DSCAM,O60469
DSC3,Q14574
DSC2,Q02487
DRR1,O95990
DRG-1,Q9NP79
DRAK2,O94768
DR6,O75509
DPP2,Q9UHL4
dopa decarboxylase,P20711
DnaJ homolog,Q96DA6
DLRB1,Q9NP97
DLL4,Q9NR61
DLL1,O00548
DLC8,P63167
DKK3,Q9UBP4
DKK1,O94907
Dkk-4,Q9UBT3
Discoidin domain receptor 2,Q16832
discoidin domain receptor 1,Q08345
DHH,O43323
Desmoglein-1,Q02413
DERM,Q07507
DEAD-box protein 19B,Q9UMR2
DcR3,O95407
DC-SIGNR,Q9H2X3
DC-SIGN,Q9NNX6
DBNL,Q9UJU6
DAPK2,Q9UIK4
DAN,P41271
DAF,P08174
D-dimer,P02671 P02675 P02679
CYTT,P09228
Cytochrome P450 3A4,P08684
Cytochrome c,P99999
CYTN,P01037
Cytidylate kinase,P30085
CYTF,O76096
CYTD,P28325
Cystatin-S,P01036
Cystatin M,Q15828
Cystatin C,P01034
Cyclophilin F,P30405
Cyclophilin A,P62937
Cyclin B1,P14635
"CXCL16, soluble",Q9H2A7
CTLA-4,P16410
CTGF,P29279
CTAP-III,P02775
CTACK,Q9Y4X3
CSRP3,P50461
CSK21,P68400
CSK,P41240
CSH,P0DML2 P0DML3
CSF-1,P09603
CRTAM,O95727
CRP,P02741
CRK,P46108
CRIS3,P54108
Cripto,P13385
CREL1,Q96HD1
CRDL1,Q9BU40
CPNE1,Q99829
COX-2,P35354
Corticotropin-lipotropin,P01189
Contactin-5,O94779
Contactin-4,Q8IWV2
contactin-1,Q12860
CONA1,Q86Y22
complement factor H-related 5,Q9BXR6
COMMD7,Q86VX2
Collectin Kidney 1,Q9BWP8
COLEC12,Q5KU26
Cofilin-1,P23528
Coagulation Factor XI,P03951
Coagulation Factor Xa,P00742
Coagulation Factor X,P00742
Coagulation Factor VII,P08709
Coagulation Factor V,P12259
Coagulation Factor IXab,P00740
Coagulation Factor IX,P00740
Coactosin-like protein,Q14019
CO8A1,P27658
CNTN2,Q02246
CNTFR alpha,P26992
CNTF,P26441
CNDP1,Q96KN2
Clusterin,P10909
CLM6,Q08708
CLF-1/CLC Complex,O75462 Q9UBD9
CLC7A,Q9BXN2
CLC4K,Q9UJ71
CLC1B,Q9P126
CKAP2,Q8WWK9
CK2-A2:B,P19784 P67870
CK2-A1:B,P68400 P67870
CK-MM,P06732
CK-MB,P12277 P06732
CK-BB,P12277
Ck-b-8-1,P55773
cIAP-2,Q13489
Chymase,P23946
CHST6,Q9GZX3
CHST2,Q9Y4C5
CHL1,O00533
CHKB,Q9Y259
Chk2,O96017
CHK1,O14757
Chitotriosidase-1,Q13231
CHIP,Q9UNE7
cGMP-stimulated PDE,O00408
CgA,P10645
CFC1,P0CG37
CEBPB,P17676
CDON,Q4KMG0
CDK8/cyclin C,P49336 P24863
CDK5/p35,Q00535 Q15078
CDK2/cyclin A,P24941 P20248
CDK1/cyclin B,P06493 P14635
CDC37,Q16543
CD97,P48960
CD83,Q01151
CD70,P32970
CD63,P08962
CD5L,O43866
CD59,P13987
CD48,P09326
CD47,Q08722
"CD40 ligand, soluble",P29965
CD39,P49961
CD38,P28907
CD36 ANTIGEN,P16671
CD30 Ligand,P32971
CD30,P28908
CD27,P26842
CD244,Q9BZW8
CD23,P06734
CD226,Q15762
CD22,P20273
CD177,Q8N6Q3
CD109,Q6YHK3
CCL28,Q9NRJ3
CBX5,P45973
CBPE,P16870
CBG,P08185
CATZ,Q9UBR2
Cathepsin V,O60911
Cathepsin S,P25774
Cathepsin H,P09668
Cathepsin G,P08311
Cathepsin D,P07339
Cathepsin B,P07858
Cathepsin A,P10619
CATF,Q9UBX1
CATE,P14091
CATC,P53634
Catalase,P04040
Caspase-3,P42574
Caspase-2,P42575
Caspase-10,Q92851
Cardiotrophin-1,Q16619
Carbonic anhydrase XIII,Q8N1Q1
Carbonic Anhydrase X,Q9NS85
Carbonic anhydrase VII,P43166
Carbonic Anhydrase IV,P22748
Carbonic anhydrase III,P07451
carbonic anhydrase II,P00918
Carbonic anhydrase I,P00915
Carbonic anhydrase 9,Q16790
Carbonic anhydrase 6,P23280
CAPG,P40121
CaMKK alpha,Q8N5S9
CAMK2D,Q13557
CAMK2B,Q13554
CAMK2A,Q9UQM7
CAMK1D,Q8IU85
CAMK1,Q14012
calreticulin,P27797
Calpastatin,P20810
Calpain I,P07384 P04632
calgranulin B,P06702
Calcineurin B a,P63098
Calcineurin,Q08209  P63098
Cadherin-6,P55285
Cadherin-5,P33151
Cadherin-2,P19022
Cadherin-12,P55289
Cadherin E,P12830
CAD15,P55291
C9,P02748
C8,"P07357,P07358,P07360"
C7,P10643
C6,P13671
"C5b, 6 Complex","P01031,P13671"
C5a,P01031
C5,P01031
C4b,P0C0L4  P0C0L5
C4,"P0C0L4, P0C0L5"
C3d,P01024
C3b,P01024
C3adesArg,P01024
C3a,P01024
C34 gp41 HIV Fragment,Q70626
C3,P01024
C2,P06681
C1r,P00736
C1QR1,Q9NPY3
C1QBP,Q07021
C1q,P02745  P02746  P02747
C1-Esterase Inhibitor,P05155
c-Myc,P01106
c-Jun,P05412
BTK,Q06187
BTC,P35070
BST1,Q10588
BSSP4,Q9GZN4
BSP,P21815
BRF-1,Q92994
BPI,P17213
Bone proteoglycan II,P07585
BOC,Q9BWV1
BNP-32,P16860
BMX,P51813
BMPR1A,P36894
BMPER,Q8N8U9
BMP10,O95393
BMP-7,P18075
BMP-6,P22004
BMP-14,P43026
BMP-1,P13497
BMP RII,Q13873
BLC,O43927
BID,P55957
BGN,P21810
BGH3,Q15582
BFL1,Q16548
bFGF-R,P11362
bFGF,P09038
BDNF,P23560
BCMA,Q02223
BCL6,P41182
BCL2-like 1 protein,Q07817
Bcl-2,P10415
BCAR3,O75815
BCAM,P50895
BASI,P35613
BARK1,P25098
BAFF Receptor,Q96RJ3
BAFF,Q9Y275
BAD,Q92934
B7-H2,O75144
B7-H1,Q9NZQ7
B7-2,P42081
B7,P33681
b2-Microglobulin,P61769
b-NGF,P01138
b-Endorphin,P01189
b-ECGF,P05230
Azurocidin,P20160
Aurora kinase A,O14965
AURKB,Q96GD4
ATS15,Q8TE58
ATS13,Q76LX8
ATS1,Q9UHI8
ATPO,P48047
ATP synthase beta chain,P06576
ASM3A,Q92484
ASGR1,P07306
ASAHL,Q02083
ASAH2,Q9NR71
Arylsulfatase A,P15289
ARTS1,Q9NZ08
Artemin,Q5T4W7
ART,O00253
ARSB,P15848
ARP19,P56211
ARMEL,Q49AH0
ARI3A,Q99856
ARGI1,P05089
AREG,P15514
Apoptosis regulator Bcl-W,Q92843
ApoM,O95445
Apo L1,O14791
Apo E4,P02649
Apo E3,P02649
Apo E2,P02649
Apo E,P02649
Apo D,P05090
Apo B,P04114
Apo A-I,P02647
Antithrombin III,P01008
ANP,P01160
annexin VI,P08133
Annexin V,P08758
annexin II,P07355
annexin I,P04083
ANK2,Q01484
ANGL4,Q9BY76
ANGL3,Q9Y5C1
Angiotensinogen,P01019
Angiostatin,P00747
Angiopoietin-4,Q9Y264
Angiopoietin-2,O15123
Angiopoietin-1,Q15389
Angiogenin,P03950
AN32B,Q92688
amyloid precursor protein,P05067
AMPM2,P50579
AMPK a2b2g1,P54646 O43741 P54619
AMPK a1b1g1,Q13131 Q9Y478 P54619
AMNLS,Q9BXJ7
Aminoacylase-1,Q03154
AMGO2,Q86SJ2
ALT,P24298
alpha-1-antichymotrypsin complex,P01011
Alpha enolase,P06733
ALK-1,P37023
aldolase A,P04075
ALCAM,Q13740
Albumin,P02768
AK1A1,P14550
AIP,O00170
AIF1,P55008
AGR2,O95994
Aggrecan,P16112
AFP,P02771
Aflatoxin B1 aldehyde reductase,O43488
Afamin,P43652
Adrenomedullin,P35318
Adiponectin,Q15848
ADAMTS-5,Q9UNA0
ADAMTS-4,O75173
ADAM12,O43184
ADAM 9,Q13443
Activin RIB,P36896
Activin AB,P08476 P09529
Activin A,P08476
Activated Protein C,P04070
ACTH,P01189
ACE2,Q9BYF1
ABL2,P42684
ABL1,P00519
a2-Macroglobulin,P01023
a2-HS-Glycoprotein,P02765
a2-Antiplasmin,P08697
a1-Antitrypsin,P01009
a1-Antichymotrypsin,P01011
a-Synuclein,P37840
6Ckine,O00585
6-Phosphogluconate dehydrogenase,P52209
4EBP2,Q13542
40S ribosomal protein SA,P08865
4-1BB ligand,P41273
4-1BB,Q07011
3HIDH,P31937
3HAO,P46952
17-beta-HSD 1,P14061
14-3-3E,P62258
14-3-3 protein zeta/delta,P63104
14-3-3 protein theta,P27348
14-3-3 protein beta/alpha,P31946
14-3-3,"P31946, P62258, P61981, Q04917, P27348, P63104, P31947"
41,P11171